-----------------------------------------------------------
-- REGION 1: TẠO BẢNG & INSERT DỮ LIỆU MẪU
-----------------------------------------------------------

-- Xóa các bảng con trước, bảng cha sau để tránh lỗi khóa ngoại
IF OBJECT_ID('RATING_FOOD', 'U') IS NOT NULL DROP TABLE RATING_FOOD;
IF OBJECT_ID('DELIVERING', 'U') IS NOT NULL DROP TABLE DELIVERING;
IF OBJECT_ID('RATING', 'U') IS NOT NULL DROP TABLE RATING;
IF OBJECT_ID('FOOD_ORDERED', 'U') IS NOT NULL DROP TABLE FOOD_ORDERED;
IF OBJECT_ID('VOUCHER', 'U') IS NOT NULL DROP TABLE VOUCHER;
IF OBJECT_ID('PARENT_RESTAURANT', 'U') IS NOT NULL DROP TABLE PARENT_RESTAURANT;
IF OBJECT_ID('FOOD_BELONG', 'U') IS NOT NULL DROP TABLE FOOD_BELONG;

-- Xóa các bảng trung gian / chính
IF OBJECT_ID('ORDERS', 'U') IS NOT NULL DROP TABLE ORDERS;
IF OBJECT_ID('FOOD', 'U') IS NOT NULL DROP TABLE FOOD;
IF OBJECT_ID('RESTAURANT', 'U') IS NOT NULL DROP TABLE RESTAURANT;
IF OBJECT_ID('CUSTOMER', 'U') IS NOT NULL DROP TABLE CUSTOMER;
IF OBJECT_ID('SHIPPER', 'U') IS NOT NULL DROP TABLE SHIPPER;
IF OBJECT_ID('ADMIN', 'U') IS NOT NULL DROP TABLE ADMIN;

-- Xóa bảng gốc USERS
IF OBJECT_ID('USERS', 'U') IS NOT NULL DROP TABLE USERS;
GO

-- Bảng USERS: lưu thông tin tài khoản chung của tất cả loại người dùng
CREATE TABLE USERS (
    ID INT PRIMARY KEY,
    
    Ho_ten NVarChar(40) NOT NULL,
    -- Họ tên gồm chữ cái (có dấu) và khoảng trắng
    Check (Ho_ten NOT LIKE '%[^A-Za-zÀ-ỹ ]%'),
   
    Email VARCHAR(320) NOT NULL UNIQUE,
    -- Định dạng email: có @ và dấu chấm sau @
    CHECK (email LIKE '%_@_%._%'),

    SDT VARCHAR(10) NOT NULL,
    -- Số điện thoại: 10 chữ số, bắt đầu bằng 0
    CHECK (SDT LIKE '0[0-9][0-9][0-9][0-9][0-9][0-9][0-9][0-9][0-9]'),

    Password VarChar(100) NOT NULL,
    -- Mật khẩu: >= 8 ký tự, chứa chữ cái, chữ số, ký tự đặc biệt
    CHECK ( LEN(Password) >= 8 AND
            PATINDEX('%[A-Za-z]%', Password) > 0 AND
            PATINDEX('%[0-9]%', Password) > 0 AND
            PATINDEX('%[^A-Za-z0-9]%', Password) > 0),

    TKNH VARCHAR(20) NOT NULL,
    -- Tài khoản ngân hàng: chỉ số, dài 10–16 ký tự
    CHECK (TKNH NOT LIKE '%[^0-9]%' AND LEN(TKNH) BETWEEN 10 AND 16),

    Dia_chi NVarchar(255) NOT NULL
);

-- Bảng RESTAURANT: mở rộng USERS thành nhà hàng, có giờ mở cửa / đóng cửa, trạng thái
CREATE TABLE RESTAURANT(

    user_ID INT PRIMARY KEY,

    Foreign key (user_ID) References USERS(ID)
    ON DELETE CASCADE
    ON UPDATE CASCADE,

    
    Thoi_gian_mo_cua   TIME(0) NOT NULL,  -- TIME(0) = HH:MM:SS, không phần thập phân giây
    Thoi_gian_dong_cua TIME(0) NOT NULL,

    -- giờ mở cửa < giờ đóng cửa
    CHECK (Thoi_gian_mo_cua < Thoi_gian_dong_cua),
    CHECK (Thoi_gian_mo_cua < Thoi_gian_dong_cua),

    Trang_thai NVARCHAR(14) NOT NULL,
    -- Trạng thái nhà hàng: đang hoạt động / tạm nghỉ / đóng cửa
    CHECK (Trang_thai IN (N'đang hoạt động', N'tạm nghỉ', N'đóng cửa'))
);

-- Bảng CUSTOMER: ánh xạ USERS thành khách hàng
CREATE TABLE CUSTOMER(
    user_ID INT PRIMARY KEY,

    Foreign key (user_ID) References USERS(ID)
    ON DELETE CASCADE
    ON UPDATE CASCADE
);

-- Bảng SHIPPER: ánh xạ USERS thành shipper, thêm biển số, điểm, trạng thái
CREATE TABLE SHIPPER(
    user_ID INT PRIMARY KEY,

    Foreign key (user_ID) References USERS(ID)
    ON DELETE CASCADE
    ON UPDATE CASCADE,

    bien_so_xe Varchar(11) UNIQUE, 
    -- Biển số xe: 2 số - 1 hoặc 2 chữ cái - 5 số (dạng chung)
    CHECK (Bien_so_xe LIKE '[0-9][0-9]-[A-Z][0-9]-[0-9][0-9][0-9][0-9][0-9]%' OR 
           Bien_so_xe LIKE '[0-9][0-9]-[A-Z][A-Z]-[0-9][0-9][0-9][0-9][0-9]%' ),

    diem_danh_gia DECIMAL(2,1) NOT NULL ,
    -- Điểm đánh giá shipper: [0;5]
    CHECK (diem_danh_gia <=5 AND diem_danh_gia >=0),

    trang_thai NVARCHAR(11) NOT NULL,
    -- Trạng thái shipper: trực tuyến / ngoại tuyến / đang bận
    CHECK (trang_thai IN (N'trực tuyến', N'ngoại tuyến', N'đang bận'))
);

-- Bảng ORDERS: thông tin đơn hàng
CREATE TABLE ORDERS (
    -- order_ID: khóa chính đơn hàng

    order_ID        INT PRIMARY KEY,
    restaurant_ID   INT NOT NULL,
    customer_ID     INT NOT NULL,

    ngay_tao        DATETIME DEFAULT CURRENT_TIMESTAMP,

    ghi_chu         NVARCHAR(MAX),
    dia_chi         NVARCHAR(255),

    gia_don_hang    DECIMAL(10, 2) NOT NULL CHECK (gia_don_hang > 0), -- Tổng giá trị món, > 0

    phi_giao_hang   DECIMAL(10, 2) NOT NULL CHECK (phi_giao_hang >= 0),-- Phí giao hàng, >= 0

    trang_thai      NVARCHAR(50) NOT NULL ,
    -- Trạng thái đơn: đang xử lý / đang giao / hoàn tất / hủy
    CHECK ( trang_thai IN (N'đang xử lý', N'đang giao',N'hoàn tất', N'hủy')),

    FOREIGN KEY (restaurant_ID) REFERENCES RESTAURANT(user_ID)
        ON DELETE CASCADE
        ON UPDATE CASCADE,
    FOREIGN KEY (customer_ID) REFERENCES CUSTOMER(user_ID)
        ON DELETE NO ACTION
        ON UPDATE NO ACTION
);

-- Bảng RATING: đánh giá đơn hàng (1 đơn có thể nhiều rating_id nếu cần)
CREATE TABLE RATING (
    order_ID INT,
    rating_ID INT,
    Noi_dung NVARCHAR (255),
    Diem_danh_gia INT NOT NULL CHECK (Diem_danh_gia BETWEEN 1 AND 5),-- Điểm [1;5]
    Ngay_danh_gia  DATETIME DEFAULT CURRENT_TIMESTAMP,
    PRIMARY KEY(order_ID, rating_ID),
    FOREIGN KEY(order_ID) REFERENCES ORDERS(order_ID)
    ON DELETE CASCADE
    ON UPDATE CASCADE
);

-- Bảng FOOD: danh mục món ăn
CREATE TABLE FOOD (
    food_ID INT PRIMARY KEY,

    gia     DECIMAL (10,2) NOT NULL CHECK (gia > 0),-- Giá món > 0

    ten     NVARCHAR(255) NOT NULL, 
    mo_ta   NVARCHAR (255),
    
    trang_thai  NVARCHAR(50) NOT NULL check (trang_thai IN (N'còn hàng', N'hết hàng')),-- Trạng thái còn / hết

    anh VARCHAR(4000) NOT NULL -- Link ảnh món ăn
);

-- Bảng DELIVERING: ánh xạ đơn hàng với shipper đang giao
CREATE TABLE DELIVERING(
    shipper_ID INT NOT NULL,
    FOREIGN KEY (shipper_ID) REFERENCES SHIPPER(user_ID) 
    ON DELETE NO ACTION
    ON UPDATE NO ACTION,
    order_ID INT PRIMARY KEY,
    FOREIGN KEY (order_ID) REFERENCES ORDERS(order_ID) 
    ON DELETE CASCADE
    ON UPDATE CASCADE,
);

-- Bảng RATING_FOOD: ánh xạ rating tới từng món ăn trong đơn
CREATE TABLE RATING_FOOD (
    order_ID INT,
    rating_ID INT,
    food_ID INT,
    PRIMARY KEY (order_ID, rating_ID), 
    FOREIGN KEY (order_ID, rating_ID)  REFERENCES RATING(order_ID, rating_ID),
    FOREIGN KEY (food_ID) REFERENCES FOOD(food_ID)
);

-- Bảng PARENT_RESTAURANT: quan hệ cha–con giữa các nhà hàng
CREATE TABLE PARENT_RESTAURANT (
    parent_id INT NOT NULL,
    child_id  INT NOT NULL,

    PRIMARY KEY (parent_id, child_id),
    UNIQUE (child_id),  -- 1 nhà hàng con chỉ có 1 nhà hàng cha

    FOREIGN KEY (parent_id) REFERENCES RESTAURANT(user_ID)
        ON DELETE NO ACTION
        ON UPDATE NO ACTION,

    FOREIGN KEY (child_id) REFERENCES RESTAURANT(user_ID)
        ON DELETE CASCADE
        ON UPDATE CASCADE,

    CHECK (parent_id <> child_id)
);

-- Bảng VOUCHER: quản lý voucher và đơn hàng áp dụng
CREATE TABLE VOUCHER (
    voucher_ID INT PRIMARY KEY,

    han_su_dung DATETIME NOT NULL CHECK (han_su_dung > GETDATE()), -- Hạn sử dụng > thời điểm tạo

    mo_ta   NVARCHAR(255),

    dieu_kien_su_dung NVARCHAR(255) NOT NULL,

    gia_tri_su_dung INT NOT NULL CHECK ( gia_tri_su_dung BETWEEN 1 AND 100),-- % giảm [1;100]

    order_ID INT,
    customer_ID INT,
    FOREIGN KEY (order_ID) REFERENCES ORDERS(order_ID)
    ON DELETE CASCADE
    ON UPDATE CASCADE,
    FOREIGN KEY (customer_ID) REFERENCES CUSTOMER(user_ID)
    ON DELETE NO ACTION
    ON UPDATE NO ACTION,
    
);

-- Bảng FOOD_ORDERED: chi tiết món ăn của từng đơn
CREATE TABLE FOOD_ORDERED (
    food_ID int,
    order_ID int,
    PRIMARY KEY (food_ID, order_ID),
    FOREIGN KEY (food_ID) REFERENCES FOOD(food_ID)
    ON DELETE CASCADE
    ON UPDATE CASCADE,
    FOREIGN KEY (order_ID) REFERENCES ORDERS(order_ID)
    ON DELETE CASCADE
    ON UPDATE CASCADE
);

-- Bảng FOOD_BELONG: món ăn thuộc nhà hàng nào
CREATE TABLE FOOD_BELONG (
    food_ID int,
    restaurant_ID int,
    PRIMARY KEY (food_ID, restaurant_ID),
    FOREIGN KEY (food_ID) REFERENCES FOOD(food_ID)
    ON DELETE CASCADE
    ON UPDATE CASCADE,
    FOREIGN KEY (restaurant_ID) REFERENCES RESTAURANT(user_ID)
    ON DELETE CASCADE
    ON UPDATE CASCADE
);

-- Bảng ADMIN: ánh xạ USERS thành admin hệ thống
CREATE TABLE ADMIN (
    user_ID INT PRIMARY KEY,
    FOREIGN KEY (user_ID) REFERENCES USERS(ID)
    ON DELETE CASCADE
    ON UPDATE CASCADE,
    quyen_han NVARCHAR(255) NOT NULL,

);

-----------------------------------------------------------
-- REGION 2: TRIGGER CỦA BẢNG 
-----------------------------------------------------------

-- ORDERS: chỉ cho phép tạo/cập nhật đơn cho nhà hàng đang hoạt động
GO
CREATE TRIGGER trg_CheckRestaurantStatusBeforeOrder
ON ORDERS
AFTER INSERT, UPDATE
AS
BEGIN
    SET NOCOUNT ON;

    IF EXISTS (
        SELECT 1 
        FROM inserted i
        JOIN RESTAURANT r ON i.restaurant_ID = r.user_ID
        WHERE r.Trang_thai <> N'đang hoạt động'
    )
    BEGIN
        RAISERROR (N'Nhà hàng không ở trạng thái hoạt động, không thể tạo đơn!', 16, 1);
        ROLLBACK TRANSACTION;
    END
END;

-- PARENT_RESTAURANT: không cho nhà hàng con lại quản lý nhà hàng khác
GO 
CREATE TRIGGER trg_CheckRestaurantManagementLogic
ON PARENT_RESTAURANT
FOR INSERT, UPDATE 
AS
BEGIN
    SET NOCOUNT ON;
    IF EXISTS(
        SELECT 1
        FROM inserted i
        JOIN PARENT_RESTAURANT p ON i.child_id = p.parent_id
    )
    BEGIN
        RAISERROR (N'Nhà hàng con không thể quản lý nhà hàng khác.', 16, 1);
        ROLLBACK TRANSACTION;
        RETURN;
    END
END;

-- ORDERS: đơn chuyển sang 'đang giao' phải có ít nhất 1 món trong FOOD_ORDERED
GO
CREATE TRIGGER trg_Order_have_1_food
ON ORDERS
AFTER UPDATE
AS
BEGIN
    SET NOCOUNT ON;

    IF EXISTS (
        SELECT 1
        FROM INSERTED i
        JOIN DELETED d ON i.order_ID = d.order_ID
        WHERE 
            i.trang_thai = N'đang giao' 
            AND NOT EXISTS (                     
                SELECT 1
                FROM FOOD_ORDERED fo
                WHERE fo.order_ID = i.order_ID
            )
    )
    BEGIN
        RAISERROR (N'Đơn hàng được giao phải bao gồm ít nhất một món ăn.', 16, 1);
        ROLLBACK TRANSACTION;
        RETURN;
    END
END;

-- ORDERS: kiểm soát luồng chuyển trạng thái hợp lệ (đang xử lý -> đang giao/hủy, đang giao -> hoàn tất)
GO
CREATE TRIGGER trg_order_trang_thai_logic
ON ORDERS
AFTER UPDATE
AS
BEGIN
    SET NOCOUNT ON;

    IF EXISTS (
        SELECT 1
        FROM INSERTED i 
        JOIN DELETED d ON i.order_ID=d.order_ID
        WHERE i.trang_thai<>d.trang_thai
        AND(
            d.trang_thai IN (N'hoàn tất',N'hủy') -- Hoàn tất / hủy không được đổi trạng thái
            OR (
                -- Đang xử lý chỉ có thể -> đang giao, hủy; đang giao chỉ có thể -> hoàn tất
                NOT( 
                    (d.trang_thai = N'đang xử lý' AND i.trang_thai IN (N'đang giao', N'hủy')) OR
                    (d.trang_thai = N'đang giao' AND i.trang_thai = N'hoàn tất')
                )
            )
        )
    )
    BEGIN
        RAISERROR (N'Trạng thái đơn hàng thay đổi không hợp lệ', 16, 1);
        ROLLBACK TRANSACTION;
        RETURN;
    END
END;

-- RATING: ngày đánh giá phải >= ngày tạo đơn
GO
CREATE TRIGGER trg_rating_date
ON RATING 
AFTER INSERT, UPDATE
AS
BEGIN
    SET NOCOUNT ON;
    IF EXISTS (
        SELECT 1
        FROM INSERTED i
        JOIN ORDERS o ON i.order_ID=o.order_ID
        WHERE i.Ngay_danh_gia<o.ngay_tao
    )
    BEGIN 
        RAISERROR (N'Ngày đánh giá phải bằng hoặc sau ngày tạo đơn hàng.', 16, 1);
        ROLLBACK TRANSACTION;
        RETURN; 
    END
END;

-- RATING: chỉ đánh giá khi đơn hoàn tất và mỗi đơn chỉ được đánh giá 1 lần
GO
CREATE TRIGGER trg_rating_logic
ON RATING 
AFTER INSERT, UPDATE
AS
BEGIN
    SET NOCOUNT ON;
    IF EXISTS (
        SELECT 1
        FROM INSERTED i
        JOIN ORDERS o ON i.order_ID=o.order_ID
        WHERE o.trang_thai <> N'hoàn tất'
    )
    BEGIN 
        RAISERROR (N'Chỉ được đánh giá đơn hàng khi ở trạng thái hoàn tất.', 16, 1);
        ROLLBACK TRANSACTION;
        RETURN; 
    END
    IF EXISTS (
        SELECT order_ID
        FROM RATING
        GROUP BY order_ID
        HAVING COUNT(*) > 1
    )
    BEGIN 
        RAISERROR (N'Mỗi đơn hàng chỉ được đánh giá 1 lần.', 16, 1);
        ROLLBACK TRANSACTION;
        RETURN; 
    END
END;

-------------------------
-- TRIGGER TRÊN CÁC BẢNG KHÁC
-------------------------

-- DELIVERING: shipper phải "trực tuyến" mới nhận đơn, nhận xong đổi sang "đang bận"
GO
CREATE TRIGGER trg_checkShipperStatusBeforeDelivering
ON DELIVERING
AFTER INSERT, UPDATE
AS
BEGIN
    SET NOCOUNT ON;

    IF EXISTS (
        SELECT 1 
        FROM inserted i
        JOIN SHIPPER r ON i.shipper_ID = r.user_ID
        WHERE r.trang_thai <> N'trực tuyến'
    )
    BEGIN
        RAISERROR (N'Shipper đang không trực tuyến không thể nhận đơn!', 16, 1);
        ROLLBACK TRANSACTION;
        RETURN;
    END
    -- Nếu hợp lệ thì cập nhật trạng thái shipper sang "đang bận"
    UPDATE s
    SET s.trang_thai = N'đang bận'
    FROM SHIPPER s
    JOIN inserted i ON s.user_ID = i.shipper_ID;
END;
GO

-- FOOD_ORDERED: chỉ cho phép thêm món đang "còn hàng"
GO
CREATE TRIGGER trg_checkFoodStatusBefortOrder
ON FOOD_ORDERED
AFTER INSERT, UPDATE 
AS
BEGIN   
    SET NOCOUNT ON
        IF EXISTS (
        SELECT 1 
        FROM inserted i
        JOIN FOOD r ON i.food_ID = r.food_ID
        WHERE r.trang_thai <> N'còn hàng'
    )
    BEGIN
        RAISERROR (N'Món ăn đang hết hàng, không thể thêm', 16, 1);
        ROLLBACK TRANSACTION;
        RETURN;
    END;
END;
GO

-- VOUCHER: không cho áp dụng voucher cho đơn có ngày tạo > hạn sử dụng
GO
CREATE TRIGGER trg_CheckVoucherOrderDate
ON VOUCHER
AFTER INSERT, UPDATE
AS
BEGIN
    SET NOCOUNT ON;

    IF EXISTS (
        SELECT 1
        FROM inserted i
        JOIN ORDERS o ON o.order_ID = i.order_ID
        WHERE i.order_ID IS NOT NULL
          AND o.ngay_tao > i.han_su_dung
    )
    BEGIN
        RAISERROR(N'Voucher đã hết hạn, không thể áp dụng cho đơn hàng này.',16,1);
        ROLLBACK TRANSACTION;
        RETURN;
    END;
END;
GO

-----------------------------------------------------------
-- REGION 3: DỮ LIỆU MẪU BAN ĐẦU
-----------------------------------------------------------

-- USERS: dữ liệu người dùng mẫu
INSERT INTO USERS (ID, Ho_ten, Email, SDT, Password, TKNH, Dia_chi) VALUES
(1, N'Nguyễn Văn A', 'a@gmail.com', '0123456789', 'Abc@1234', '123456789012', N'Hà Nội'),
(2, N'Trần Thị B', 'b@gmail.com', '0987654321', 'Bcd@1234', '987654321098', N'Hồ Chí Minh'),
(3, N'Phạm Văn C', 'c@gmail.com', '0911222333', 'Cde@1234', '555555555555', N'Đà Nẵng'),
(4, N'Lê Thị D', 'd@gmail.com', '0909090909', 'Dfg@1234', '444444444444', N'Cần Thơ'),
(5, N'Hồ Quốc E', 'e@gmail.com', '0933445566', 'Efg@1234', '666666666666', N'Hải Phòng'),
(6, N'Nguyễn Shipper', 'shipper@gmail.com', '0908123456', 'Shp@1234', '777777777777', N'Hà Nội');

-- RESTAURANT: dữ liệu nhà hàng mẫu
INSERT INTO RESTAURANT (user_ID, Thoi_gian_mo_cua, Thoi_gian_dong_cua, Trang_thai) VALUES
(1, '08:00', '22:00', N'đang hoạt động'),
(2, '09:00', '21:00', N'tạm nghỉ'),
(5, '06:00', '23:00', N'đang hoạt động');

-- CUSTOMER: khách hàng
INSERT INTO CUSTOMER (user_ID) VALUES
(3),
(4);

-- SHIPPER: shipper mẫu
INSERT INTO SHIPPER (user_ID, bien_so_xe, diem_danh_gia, trang_thai) VALUES
(6, '29-A1-12345', 4.5, N'trực tuyến');

-- FOOD: danh sách món ăn
INSERT INTO FOOD (food_ID, gia, ten, mo_ta, trang_thai, anh) VALUES
(10, 30000, N'Bánh mì thịt', N'Bánh mì Việt Nam', N'còn hàng', 'banhmi.jpg'),
(11, 45000, N'Phở bò', N'Phở truyền thống', N'còn hàng', 'pho.jpg'),
(12, 25000, N'Trà đá', N'Nước giải khát', N'còn hàng', 'trada.jpg');

-- FOOD_BELONG: món ăn thuộc nhà hàng nào
INSERT INTO FOOD_BELONG VALUES
(10, 1),
(11, 1),
(12, 1),
(10, 5);

-- ORDERS: dữ liệu đơn hàng
INSERT INTO ORDERS (order_ID, restaurant_ID, customer_ID, trang_thai, ghi_chu, dia_chi, gia_don_hang, phi_giao_hang)
VALUES
(100, 1, 3, N'đang xử lý', N'Không cay', N'Hà Nội', 75000, 15000),
(101, 1, 4, N'hoàn tất', NULL, N'Hồ Chí Minh', 45000, 10000);

-- FOOD_ORDERED: món trong từng đơn
INSERT INTO FOOD_ORDERED VALUES
(10, 100),
(11, 100),
(12, 101);

-- DELIVERING: đơn đang được shipper giao
INSERT INTO DELIVERING (shipper_ID, order_ID)
VALUES
(6, 100);

-- RATING: đánh giá cho đơn
INSERT INTO RATING (order_ID, rating_ID, Noi_dung, Diem_danh_gia)
VALUES
(101, 1, N'Ngon và nhanh', 5);

-- RATING_FOOD: đánh giá món theo đơn
INSERT INTO RATING_FOOD (order_ID, rating_ID, food_ID)
VALUES
(101, 1, 12);

-- PARENT_RESTAURANT: quan hệ nhà hàng cha–con
INSERT INTO PARENT_RESTAURANT (parent_id, child_id)
VALUES
(1, 5);

-- VOUCHER: dữ liệu voucher mẫu
INSERT INTO VOUCHER (voucher_ID, han_su_dung, mo_ta, dieu_kien_su_dung, gia_tri_su_dung, order_ID, customer_ID)
VALUES
(200, '2026-01-01', N'Giảm 30%', N'Đơn tối thiểu 50k', 30, 101, 4);

-----------------------------------------------------------
-- REGION 4: TRIGGER NGHIỆP VỤ 
-----------------------------------------------------------

-- ORDERS: nếu đơn bị hủy, hoàn lại voucher (gỡ order_ID trên VOUCHER)
-- Chỉ hoàn voucher nếu voucher còn hạn sử dụng
GO
IF OBJECT_ID('trg_refund_voucher_on_cancel', 'TR') IS NOT NULL 
    DROP TRIGGER trg_refund_voucher_on_cancel;
GO

CREATE TRIGGER trg_refund_voucher_on_cancel
ON ORDERS
AFTER UPDATE
AS
BEGIN
    SET NOCOUNT ON;
    
    -- Kiểm tra xem có đơn hàng nào vừa chuyển sang trạng thái 'hủy' không
    IF EXISTS (
        SELECT 1 
        FROM inserted i
        JOIN deleted d ON i.order_ID = d.order_ID
        WHERE i.trang_thai = N'hủy'      -- Trạng thái mới là Hủy
          AND d.trang_thai <> N'hủy'     -- Trạng thái cũ chưa Hủy
    )
    BEGIN
        -- Logic: Tìm các Voucher đang gắn với đơn hàng bị hủy
        -- Chỉ hoàn lại (set order_ID = NULL) NẾU Voucher đó VẪN CÒN HẠN sử dụng.
        UPDATE VOUCHER
        SET order_ID = NULL
        FROM VOUCHER v
        JOIN inserted i ON v.order_ID = i.order_ID
        WHERE i.trang_thai = N'hủy'
          AND v.han_su_dung >= GETDATE(); -- Quan trọng: Chỉ hoàn nếu hạn sử dụng >= thời điểm hiện tại
    END
END;
GO

-- RATING: cập nhật điểm rating của food khi có sự thay đổi ở rating
GO
IF OBJECT_ID('trg_UpdateFoodRating', 'TR') IS NOT NULL 
    DROP TRIGGER trg_UpdateFoodRating;
GO

CREATE TRIGGER trg_UpdateFoodRating
ON RATING
AFTER INSERT, UPDATE, DELETE
AS
BEGIN
    SET NOCOUNT ON;
    
    UPDATE f
    SET f.Diem_danh_gia = ISNULL(
        (
            SELECT AVG(CAST(r.Diem_danh_gia AS DECIMAL(3,1)))
            FROM RATING r
            WHERE r.food_ID = f.food_ID
        ),
        5 -- điểm mặc định nếu không còn rating
    )
    FROM FOOD f
    WHERE f.food_ID IN (
        SELECT food_ID FROM inserted
        UNION
        SELECT food_ID FROM deleted
    );
END;
GO

-----------------------------------
---- TEST MỘT SỐ TRIGGER NGHIỆP VỤ
-----------------------------------
-- Giả sử đơn có 101 voucher
SELECT * FROM VOUCHER WHERE order_ID = 101;

-- Hủy đơn
UPDATE ORDERS
SET trang_thai = N'hủy'
WHERE order_ID = 101;

-- Kiểm tra Voucher sau khi hủy đơn
SELECT * FROM VOUCHER WHERE voucher_ID = 200;

---------------------------------------------------

-- Test: thêm rating mới cho món 10 -> điểm food cập nhật
SELECT * FROM FOOD WHERE food_ID = 10;
SELECT * FROM RATING;
INSERT INTO RATING(order_ID, rating_ID, food_ID, Noi_dung, Diem_danh_gia)
VALUES (100, 2, 10, N'Món ngon', 4);
INSERT INTO RATING(order_ID, rating_ID, food_ID, Noi_dung, Diem_danh_gia)
VALUES (100, 3, 10, N'Rất ngon', 5);
SELECT * FROM FOOD WHERE food_ID = 10;
-- Kết quả: Diem_danh_gia cập nhật = AVG(4, 5) = 4.5


----- TEST TRIGGER TRÊN DELIVERING / FOOD / VOUCHER -----

GO
-- Đổi shipper 6 sang trạng thái ngoại tuyến
UPDATE SHIPPER
SET trang_thai = N'ngoại tuyến'
WHERE user_ID = 6;

-- Tạo đơn 301
INSERT INTO ORDERS (order_ID, restaurant_ID, customer_ID, trang_thai, ghi_chu, dia_chi, gia_don_hang, phi_giao_hang)
VALUES (301, 1, 3, N'đang xử lý', N'Test đơn 301', N'Hà Nội', 70000, 10000);

-- Thử gán shipper 6 giao đơn 301 -> dự kiến lỗi do shipper không trực tuyến
INSERT INTO DELIVERING (shipper_ID, order_ID)
VALUES (6, 301);
GO

-- Kiểm tra
SELECT * FROM DELIVERING WHERE order_ID = 301;
SELECT user_ID, trang_thai FROM SHIPPER WHERE user_ID = 6;
SELECT * FROM USERS; 

-- Đảm bảo shipper 6 đang 'trực tuyến'
UPDATE SHIPPER
SET trang_thai = N'trực tuyến'
WHERE user_ID = 6;

-- Tạo đơn mới 300 cho nhà hàng 1, khách 3
INSERT INTO ORDERS (order_ID, restaurant_ID, customer_ID, trang_thai, ghi_chu, dia_chi, gia_don_hang, phi_giao_hang)
VALUES (300, 1, 3, N'đang xử lý', N'Test đơn 300', N'Hà Nội', 60000, 10000);

-- Gán shipper 6 giao đơn 300 (hợp lệ)
INSERT INTO DELIVERING (shipper_ID, order_ID)
VALUES (6, 300);

-- Kiểm tra kết quả
SELECT * FROM DELIVERING;
SELECT user_ID, diem_danh_gia, trang_thai FROM SHIPPER WHERE user_ID = 6;

----------------------
-- TEST TRIGGER FOOD
----------------------
UPDATE FOOD
SET trang_thai = N'còn hàng'
WHERE food_ID = 10;

-- Thêm món 10 vào đơn 100 (hợp lệ)
INSERT INTO FOOD_ORDERED (food_ID, order_ID)
VALUES (10, 101);

-- Kiểm tra kết quả
SELECT * FROM FOOD_ORDERED WHERE order_ID = 100;

-- Đặt món 11 sang trạng thái 'hết hàng'
GO
UPDATE FOOD
SET trang_thai = N'hết hàng'
WHERE food_ID = 11;

-- Thử thêm món 11 (hết hàng) vào đơn 100 -> dự kiến lỗi
INSERT INTO FOOD_ORDERED (food_ID, order_ID)
VALUES (11, 101);

-- Kiểm tra xem có lỡ chèn vào không
SELECT * FROM FOOD_ORDERED WHERE order_ID = 100 AND food_ID = 11;
GO

---------------------------------------------------
-- TEST TRIGGER VOUCHER: KHÔNG CHO ÁP DỤNG SAU HẠN
---------------------------------------------------
GO
INSERT INTO VOUCHER (voucher_ID, han_su_dung, mo_ta, 
                     dieu_kien_su_dung, gia_tri_su_dung, order_ID, customer_ID)
VALUES
(
    903,
    '2025-12-31',              -- hạn sử dụng
    N'TC_VOUCHER_4 - Giảm 25%',
    N'Đơn tối thiểu 200k',
    25,
    NULL,
    3
);

-- Tạo đơn với ngày tạo SAU hạn sử dụng voucher
INSERT INTO ORDERS (order_ID, restaurant_ID, customer_ID, trang_thai, ghi_chu, dia_chi, 
                    gia_don_hang, phi_giao_hang, ngay_tao)
VALUES
(
    811,
    1,
    3,
    N'đang xử lý',
    N'TC_VOUCHER_4',
    N'Hà Nội',
    250000,
    20000,
    '2026-01-05'                -- > 2025-12-31
);

-- Thử gán voucher 903 cho đơn 811 (dự kiến lỗi)
UPDATE VOUCHER
SET order_ID = 811
WHERE voucher_ID = 903;

-- Kỳ vọng: trigger báo lỗi và order_ID của voucher 903 vẫn là NULL
SELECT 'VOUCHER' AS TableName, * FROM VOUCHER WHERE voucher_ID = 903;
GO

-----------------------------------------------------------
-- REGION 5: STORED PROCEDURE CRUD USERS & NGHIỆP VỤ
-----------------------------------------------------------

-- TEST trước khi định nghĩa lại InsertUser
EXEC InsertUser 2, N'Nguyễn Văn A', 'b@gmail.com', '', 'Abc@1234', '123456789012', N'Hà Nội';

-- PROC InsertUser: thêm user mới với kiểm tra ràng buộc đầy đủ
IF OBJECT_ID('InsertUser', 'P') IS NOT NULL
	DROP PROC InsertUser;
GO

CREATE PROC InsertUser
	@ID			INT,
	@Ho_ten		NVARCHAR(40),
	@Email		VARCHAR(320),
	@SDT		VARCHAR(10),
	@Password	VARCHAR(100),
	@TKNH		VARCHAR(20),
	@Dia_chi	NVARCHAR(255)   
AS 
BEGIN
	SET NOCOUNT ON; -- Tránh trả về số dòng ảnh hưởng

	BEGIN TRY
		-- Kiểm tra trùng ID và Email
		IF EXISTS (SELECT 1 FROM USERS WHERE ID = @ID)
			THROW 50001, N'ID người dùng đã tồn tại', 1;

		IF EXISTS (SELECT 1 FROM USERS WHERE Email = @Email)
			 THROW 50002, N'Email đã tồn tại', 1;

		-- Họ tên: không rỗng, chỉ chứa chữ + khoảng trắng
		IF @Ho_ten IS NULL OR LTRIM(RTRIM(@Ho_ten)) = ''
			THROW 50003, N'Họ tên không được để trống', 1;

		IF @Ho_ten LIKE '%[^A-Za-zÁ-ỹ ]%'
			THROW 50004, N'Họ tên chỉ được chứa chữ cái và dấu cách', 1;

		-- Email: không rỗng, định dạng đúng
		IF @Email IS NULL OR LTRIM(RTRIM(@Email)) = ''
			THROW 50005, N'Email không được để trống', 1;

		IF @Email NOT LIKE '%_@_%._%'
			THROW 50006, N'Định dạng email không hợp lệ', 1;

		-- Số điện thoại: không rỗng, đúng 10 số, bắt đầu bằng 0
		IF @SDT IS NULL
			THROW 50007, N'Số điện thoại không được để trống', 1;

		IF LEN(@SDT) < 10 OR LEN(@SDT) > 10
			THROW 50008, N'Số điện thoại phải gồm đúng 10 chữ số', 1;

		IF @SDT NOT LIKE '0[0-9][0-9][0-9][0-9][0-9][0-9][0-9][0-9][0-9]'
			THROW 50009, N'Số điện thoại phải bắt đầu bằng số 0 và chỉ chứa chữ số', 1;

		-- Mật khẩu: độ dài + chứa chữ, số, ký tự đặc biệt
		IF @Password IS NULL OR LEN(@Password) < 8
            THROW 50010, N'Mật khẩu phải có ít nhất 8 ký tự.', 1;

        IF PATINDEX('%[A-Za-z]%', @Password) = 0 
            THROW 50011, N'Mật khẩu phải chứa ít nhất 1 chữ cái.', 1;

        IF PATINDEX('%[0-9]%', @Password) = 0
            THROW 50012, N'Mật khẩu phải chứa ít nhất 1 chữ số (0-9).', 1;

        IF PATINDEX('%[^A-Za-z0-9]%', @Password) = 0
            THROW 50013, N'Mật khẩu phải chứa ít nhất 1 ký tự đặc biệt.', 1;

		-- Tài khoản ngân hàng: không rỗng, chỉ chứa số, 10–16 số
		IF @TKNH IS NULL 
            THROW 50014, N'Số tài khoản ngân hàng không được để trống.', 1;

        IF @TKNH LIKE '%[^0-9]%'
            THROW 50015, N'Số tài khoản ngân hàng chỉ được chứa chữ số.', 1;

        IF LEN(@TKNH) < 10 OR LEN(@TKNH) > 16
            THROW 50016, N'Số tài khoản ngân hàng phải có từ 10 đến 16 chữ số.', 1;

		-- Địa chỉ: không rỗng
		IF @Dia_chi IS NULL OR LTRIM(RTRIM(@Dia_chi)) = ''
            THROW 50017, N'Địa chỉ không được để trống.', 1;

		-- Thêm dữ liệu sau khi kiểm tra điều kiện
		INSERT INTO USERS (ID, Ho_ten, Email, SDT, Password, TKNH, Dia_chi)
        VALUES (@ID, @Ho_ten, @Email, @SDT, @Password, @TKNH, @Dia_chi);
	END TRY
    
    -- Bắt lỗi và ném lại (THROW giữ nguyên thông tin lỗi gốc)
	BEGIN CATCH
        THROW;
	END CATCH
END;
GO

-- PROC UpdateUser: cập nhật thông tin user, kiểm tra giống InsertUser
IF OBJECT_ID('UpdateUser', 'P') IS NOT NULL
    DROP PROC UpdateUser;
GO

CREATE PROC UpdateUser
    @ID        INT,
    @Ho_ten    NVARCHAR(40),
    @Email     VARCHAR(320),
    @SDT       VARCHAR(10),
    @Password  VARCHAR(100),
    @TKNH      VARCHAR(20),
    @Dia_chi   NVARCHAR(255)
AS
BEGIN
    SET NOCOUNT ON;

	BEGIN TRY
		-- Kiểm tra tồn tại user
		IF NOT EXISTS (SELECT 1 FROM USERS WHERE ID = @ID)
            THROW 50100, N'Không tìm thấy người dùng với ID cần cập nhật.', 1;

		-- Email mới không được trùng với user khác
		IF EXISTS (SELECT 1 FROM USERS 
                   WHERE Email = @Email AND ID <> @ID)
            THROW 50101, N'Email đã được sử dụng bởi người dùng khác.', 1;

		-- Họ tên: không rỗng, chỉ chứa chữ + khoảng trắng
		IF @Ho_ten IS NULL OR LTRIM(RTRIM(@Ho_ten)) = ''
			THROW 50104, N'Họ tên không được để trống', 1;

		IF @Ho_ten LIKE '%[^A-Za-zÁ-ỹ ]%'
			THROW 50105, N'Họ tên chỉ được chứa chữ cái và dấu cách', 1;

		-- Email: không rỗng, định dạng đúng
		IF @Email IS NULL OR LTRIM(RTRIM(@Email)) = ''
			THROW 50106, N'Email không được để trống', 1;

		IF @Email NOT LIKE '%_@_%._%'
			THROW 50107, N'Định dạng email không hợp lệ', 1;

		-- SĐT: không rỗng, đúng 10 số, bắt đầu bằng 0
		IF @SDT IS NULL
			THROW 50108, N'Số điện thoại không được để trống', 1;

		IF LEN(@SDT) < 10 OR LEN(@SDT) > 10
			THROW 50109, N'Số điện thoại phải gồm đúng 10 chữ số', 1;

		IF @SDT NOT LIKE '0[0-9][0-9][0-9][0-9][0-9][0-9][0-9][0-9][0-9]'
			THROW 50110, N'Số điện thoại phải bắt đầu bằng số 0 và chỉ chứa chữ số', 1;

		-- Mật khẩu: độ dài + cấu trúc tương tự InsertUser
		IF @Password IS NULL OR LEN(@Password) < 8
            THROW 50111, N'Mật khẩu phải có ít nhất 8 ký tự.', 1;

        IF PATINDEX('%[A-Za-z]%', @Password) = 0
            THROW 50112, N'Mật khẩu phải chứa ít nhất 1 chữ cái.', 1;

        IF PATINDEX('%[0-9]%', @Password) = 0
            THROW 50113, N'Mật khẩu phải chứa ít nhất 1 chữ số (0-9).', 1;

        IF PATINDEX('%[^A-Za-z0-9]%', @Password) = 0
            THROW 50114, N'Mật khẩu phải chứa ít nhất 1 ký tự đặc biệt.', 1;

		-- TKNH: không rỗng, chỉ số, 10–16
		IF @TKNH IS NULL
            THROW 50115, N'Số tài khoản ngân hàng không được để trống.', 1;

        IF @TKNH LIKE '%[^0-9]%'
            THROW 50116, N'Số tài khoản ngân hàng chỉ được chứa chữ số.', 1;

        IF LEN(@TKNH) < 10 OR LEN(@TKNH) > 16
            THROW 50117, N'Số tài khoản ngân hàng phải có từ 10 đến 16 chữ số.', 1;

		-- Địa chỉ: không rỗng
		IF @Dia_chi IS NULL OR LTRIM(RTRIM(@Dia_chi)) = ''
            THROW 50118, N'Địa chỉ không được để trống.', 1;

		-- Cập nhật dữ liệu sau khi kiểm tra điều kiện
		UPDATE USERS
        SET Ho_ten   = @Ho_ten,
            Email    = @Email,
            SDT      = @SDT,
            Password = @Password,
            TKNH     = @TKNH,
            Dia_chi  = @Dia_chi
        WHERE ID = @ID;
    END TRY
    BEGIN CATCH
        DECLARE @ErrMsg NVARCHAR(4000), @ErrSeverity INT;
        SELECT	@ErrMsg = ERROR_MESSAGE(),
				@ErrSeverity = ERROR_SEVERITY();

        RAISERROR (@ErrMsg, @ErrSeverity, 1);
    END CATCH
END;
GO

-- PROC DeleteUser: xóa user nếu không dính khách/nhà hàng/shipper đã có dữ liệu phát sinh
IF OBJECT_ID('DeleteUser', 'P') IS NOT NULL
    DROP PROC DeleteUser;
GO

CREATE PROC DeleteUser
    @UserID        INT
AS
BEGIN
    SET NOCOUNT ON;

	BEGIN TRY
		-- Kiểm tra tồn tại user
		IF NOT EXISTS (SELECT 1 FROM USERS WHERE ID = @UserID)
            THROW 50200, N'Không tìm thấy người dùng với ID cần xóa', 1;

		-- Nếu là CUSTOMER có đơn hàng
		IF EXISTS (
            SELECT 1
            FROM CUSTOMER c
            JOIN ORDERS o ON o.customer_ID = c.user_ID
            WHERE c.user_ID = @UserID
        )
            THROW 50201, N'Không thể xóa người dùng vì là khách hàng đã có đơn hàng', 1;

		-- Nếu là RESTAURANT có đơn hàng
		IF EXISTS (
            SELECT 1
            FROM RESTAURANT r
            JOIN ORDERS o ON o.restaurant_ID = r.user_ID
            WHERE r.user_ID = @UserID
        )
			THROW 50202,  N'Không thể xóa người dùng vì là nhà hàng đã có đơn hàng', 1;

		-- Nếu là SHIPPER đã/đang giao đơn
		IF EXISTS (
            SELECT 1
            FROM SHIPPER s
            JOIN DELIVERING d ON d.shipper_ID = s.user_ID
            WHERE s.user_ID = @UserID
        )
			THROW 50203, N'Không thể xóa người dùng vì là shipper đã/đang giao đơn', 1;

		-- Xóa dữ liệu sau khi kiểm tra điều kiện
		DELETE FROM USERS
		WHERE ID = @UserID;
    END TRY
    BEGIN CATCH
        DECLARE @ErrMsg NVARCHAR(4000), @ErrSeverity INT;
        SELECT	@ErrMsg = ERROR_MESSAGE(),
				@ErrSeverity = ERROR_SEVERITY();

        RAISERROR (@ErrMsg, @ErrSeverity, 1);
    END CATCH
END;
GO

-- TEST CRUD USERS
EXEC InsertUser 
	@ID			= 7,
	@Ho_ten		= N'Phạm Hồng Nhân',
	@Email		= 'nhan.phamhong@hcmut.edu.vn',
	@SDT		= '0987654321',
	@Password	= '@Abc1234',
	@TKNH		= '123456789123',
	@Dia_chi	= N'Thu Duc';

EXEC UpdateUser
    @ID        = 7,
    @Ho_ten    = N'Phạm Nhân',
    @Email     = 'nhan.phamhong.updated@hcmut.edu.vn',
    @SDT       = '0911223344',
    @Password  = 'NewPass@123',
    @TKNH      = '999888777666',
    @Dia_chi   = N'Thủ Đức, TP.HCM';

EXEC DeleteUser
    @UserID = 7;

GO

-----------------------------------------------------------
-- REGION 6: PROC TRUY VẤN THỐNG KÊ ĐƠN HÀNG
-----------------------------------------------------------

-- GetOrderByCustomerAndStatus: lấy danh sách đơn của 1 khách theo trạng thái
IF OBJECT_ID('GetOrderByCustomerAndStatus', 'P') IS NOT NULL
	DROP PROC GetOrderByCustomerAndStatus;
GO

CREATE PROC GetOrderByCustomerAndStatus
	@CustomerID		INT,
	@TrangThai		NVARCHAR(50)
AS
BEGIN
	SET NOCOUNT ON;

	SELECT
		o.order_ID,
		o.ngay_tao,
		o.trang_thai,
		o.gia_don_hang,
		o.phi_giao_hang,
		r.user_ID			AS restaurant_ID,
		u.Ho_ten			AS restaurant_name,
		o.dia_chi
	FROM ORDERS o
	JOIN RESTAURANT r
		ON o.restaurant_ID = r.user_ID
	JOIN USERS u
		ON r.user_ID = u.ID
	WHERE
		o.customer_ID = @CustomerID
		AND o.trang_thai = @TrangThai
	ORDER BY
		o.ngay_tao DESC;
END;
GO

-- GetRestaurantSalesStats: thống kê doanh thu nhà hàng trong khoảng thời gian
IF OBJECT_ID('GetRestaurantSalesStats', 'P') IS NOT NULL
	DROP PROC GetRestaurantSalesStats;
GO

CREATE PROC GetRestaurantSalesStats
	@FromDate		DATETIME,
	@ToDate			DATETIME,
	@MinTotal		DECIMAL(10,2)
AS
BEGIN
	SET NOCOUNT ON;

	SELECT 
        r.user_ID                   AS restaurant_ID,
        u.Ho_ten                    AS restaurant_name,
        COUNT(o.order_ID)           AS so_don_hang,
        SUM(o.gia_don_hang)         AS tong_doanh_thu,
        AVG(o.gia_don_hang)         AS gia_tri_trung_binh
    FROM ORDERS o
    JOIN RESTAURANT r
        ON o.restaurant_ID = r.user_ID
    JOIN USERS u
        ON r.user_ID = u.ID
    WHERE 
        o.ngay_tao >= @FromDate
        AND o.ngay_tao <  @ToDate
    GROUP BY 
        r.user_ID,
        u.Ho_ten
    HAVING 
        SUM(o.gia_don_hang) >= @MinTotal
    ORDER BY 
        tong_doanh_thu DESC;
END;
GO

SELECT * FROM ORDERS;
SELECT * FROM CUSTOMER;
SELECT * FROM RESTAURANT;
-- TEST PROC THỐNG KÊ
EXEC GetOrderByCustomerAndStatus
	@CustomerID = 3,
	@TrangThai = N'đang xử lý';
GO

EXEC GetRestaurantSalesStats
	@FromDate = '2024-01-01',
	@ToDate = '2026-01-01',
	@MinTotal = 50000;

-----------------------------------------------------------
-- REGION 7: FUNCTION TÍNH TOÁN / PHÂN HẠNG
-----------------------------------------------------------

-- fn_TongChiTieuKhachHang: tính tổng chi tiêu (giá đơn + phí giao) của 1 khách trong khoảng thời gian
IF OBJECT_ID('fn_TongChiTieuKhachHang', 'FN') IS NOT NULL   
    DROP FUNCTION fn_TongChiTieuKhachHang;
GO

CREATE FUNCTION fn_TongChiTieuKhachHang
(
    @CustomerID INT,
    @FromDate   DATETIME,
    @ToDate     DATETIME
)
RETURNS DECIMAL(18,2)
AS
BEGIN
    DECLARE 
        @TongChi   DECIMAL(18,2) = 0,
        @GiaDon    DECIMAL(18,2);

    -- Kiểm tra tham số đầu vào
    IF @CustomerID IS NULL OR @FromDate IS NULL OR @ToDate IS NULL
        RETURN NULL;

    IF @FromDate > @ToDate
        RETURN NULL;

    -- Kiểm tra khách hàng có tồn tại không
    IF NOT EXISTS (SELECT 1 FROM CUSTOMER WHERE user_ID = @CustomerID)
        RETURN NULL;

    -- CURSOR duyệt qua từng đơn hàng của khách trong khoảng thời gian
    DECLARE cur_Order CURSOR LOCAL FOR
        SELECT (gia_don_hang + phi_giao_hang)
        FROM ORDERS
        WHERE customer_ID = @CustomerID
          AND ngay_tao >= @FromDate
          AND ngay_tao <  @ToDate;
          -- AND trang_thai = N'hoàn tất';

    OPEN cur_Order;

    FETCH NEXT FROM cur_Order INTO @GiaDon;

    WHILE @@FETCH_STATUS = 0
    BEGIN
        SET @TongChi = @TongChi + @GiaDon;

        FETCH NEXT FROM cur_Order INTO @GiaDon;
    END

    CLOSE cur_Order;
    DEALLOCATE cur_Order;

    RETURN @TongChi;
END;
GO

-- TEST FUNCTION TỔNG CHI TIÊU
SELECT * FROM CUSTOMER;
SELECT * FROM ORDERS;
SELECT dbo.fn_TongChiTieuKhachHang(3, '2024-01-01', '2026-01-01') AS TongChiTieu_KH3;
SELECT dbo.fn_TongChiTieuKhachHang(4, '2024-01-01', '2026-01-01') AS TongChiTieu_KH3;

SELECT dbo.fn_TongChiTieuKhachHang(999, '2024-01-01', '2026-01-01') AS TongChi_KH_KhongTonTai; -- khách không tồn tại -> NULL

--fn_TongTienTietKiemTuVoucher: tính số tiền tiết kiệm từ voucher
IF OBJECT_ID('fn_TongTienTietKiemTuVoucher', 'FN') IS NOT NULL
    DROP FUNCTION fn_TongTienTietKiemTuVoucher;
GO

CREATE FUNCTION fn_TongTienTietKiemTuVoucher
(
    @CustomerID INT,
    @FromDate   DATETIME,
    @ToDate     DATETIME
)
RETURNS DECIMAL(18,2)
AS
BEGIN
    DECLARE 
        @TongTietKiem   DECIMAL(18,2) = 0,
        @GiaDon         DECIMAL(18,2),
        @PhanTramGiam   INT,
        @TienGiam       DECIMAL(18,2);

    -- 1. Kiểm tra tham số đầu vào
    IF @CustomerID IS NULL OR @FromDate IS NULL OR @ToDate IS NULL
        RETURN NULL;

    IF @FromDate > @ToDate
        RETURN NULL;

    -- 2. Kiểm tra khách hàng có tồn tại không
    IF NOT EXISTS (SELECT 1 FROM CUSTOMER WHERE user_ID = @CustomerID)
        RETURN NULL;

    /* 3. CURSOR duyệt từng đơn hàng có áp dụng voucher 
          của khách hàng trong khoảng thời gian [FromDate, ToDate) */
    DECLARE cur_Voucher CURSOR LOCAL FAST_FORWARD FOR
        SELECT 
            o.gia_don_hang,
            v.gia_tri_su_dung
        FROM VOUCHER v
        JOIN ORDERS o ON v.order_ID = o.order_ID
        WHERE 
            v.customer_ID = @CustomerID
            AND v.order_ID IS NOT NULL
            AND o.ngay_tao >= @FromDate
            AND o.ngay_tao <  @ToDate;

    OPEN cur_Voucher;

    FETCH NEXT FROM cur_Voucher INTO @GiaDon, @PhanTramGiam;

    WHILE @@FETCH_STATUS = 0
    BEGIN
        -- Tính số tiền giảm cho đơn này
        SET @TienGiam = (@GiaDon * @PhanTramGiam) / 100.0;

        -- (Option) Bảo vệ: không giảm quá số tiền đơn
        IF @TienGiam > @GiaDon
            SET @TienGiam = @GiaDon;

        -- Cộng dồn
        SET @TongTietKiem = @TongTietKiem + ISNULL(@TienGiam, 0);

        FETCH NEXT FROM cur_Voucher INTO @GiaDon, @PhanTramGiam;
    END;

    CLOSE cur_Voucher;
    DEALLOCATE cur_Voucher;

    RETURN @TongTietKiem;
END;
GO
-- TEST FUNCTION TIẾT KIỆM 
-- Tổng tiền khách 4 đã tiết kiệm nhờ voucher từ 2024 đến 2026
SELECT dbo.fn_TongTienTietKiemTuVoucher(4, '2024-01-01', '2026-01-01') AS TongTienTietKiem_KH4;

-- Customer không tồn tại
SELECT dbo.fn_TongTienTietKiemTuVoucher(999, '2024-01-01', '2026-01-01') AS TongTienTietKiem_KH999;

    -----------------------------------------------------------
    -- REGION 7.5: STORED PROCEDURES CHO QUẢN LÝ ORDERS (CHO PHẦN 3.2)
    -----------------------------------------------------------

    -- UpdateOrderStatus: Cập nhật trạng thái đơn hàng với kiểm tra logic
    IF OBJECT_ID('UpdateOrderStatus', 'P') IS NOT NULL
        DROP PROC UpdateOrderStatus;
    GO

    CREATE PROC UpdateOrderStatus
        @OrderID       INT,
        @TrangThai     NVARCHAR(50)
    AS
    BEGIN
        SET NOCOUNT ON;
        
        BEGIN TRY
            -- Kiểm tra đơn hàng tồn tại
            IF NOT EXISTS (SELECT 1 FROM ORDERS WHERE order_ID = @OrderID)
                THROW 50300, N'Không tìm thấy đơn hàng với ID cần cập nhật.', 1;
            
            -- Kiểm tra trạng thái hợp lệ
            IF @TrangThai NOT IN (N'đang xử lý', N'đang giao', N'hoàn tất', N'hủy')
                THROW 50301, N'Trạng thái không hợp lệ. Các trạng thái hợp lệ: đang xử lý, đang giao, hoàn tất, hủy', 1;
            
            -- Lấy trạng thái hiện tại
            DECLARE @CurrentStatus NVARCHAR(50);
            SELECT @CurrentStatus = trang_thai FROM ORDERS WHERE order_ID = @OrderID;
            
            -- Kiểm tra logic chuyển trạng thái
            IF @CurrentStatus IN (N'hoàn tất', N'hủy')
                THROW 50302, N'Không thể thay đổi trạng thái đơn hàng đã hoàn tất hoặc đã hủy', 1;
            
            IF @CurrentStatus = N'đang xử lý' AND @TrangThai NOT IN (N'đang giao', N'hủy')
                THROW 50303, N'Đơn hàng đang xử lý chỉ có thể chuyển sang "đang giao" hoặc "hủy"', 1;
            
            IF @CurrentStatus = N'đang giao' AND @TrangThai <> N'hoàn tất'
                THROW 50304, N'Đơn hàng đang giao chỉ có thể chuyển sang "hoàn tất"', 1;
            
            -- Cập nhật trạng thái (trigger sẽ kiểm tra logic)
            UPDATE ORDERS
            SET trang_thai = @TrangThai
            WHERE order_ID = @OrderID;
            
        END TRY
        BEGIN CATCH
            THROW;
        END CATCH
    END;
    GO

    -- DeleteOrder: Xóa đơn hàng (chỉ cho phép xóa đơn đã hủy)
    IF OBJECT_ID('DeleteOrder', 'P') IS NOT NULL
        DROP PROC DeleteOrder;
    GO

    CREATE PROC DeleteOrder
        @OrderID       INT
    AS
    BEGIN
        SET NOCOUNT ON;
        
        BEGIN TRY
            -- Kiểm tra đơn hàng tồn tại
            IF NOT EXISTS (SELECT 1 FROM ORDERS WHERE order_ID = @OrderID)
                THROW 50400, N'Không tìm thấy đơn hàng với ID cần xóa.', 1;
            
            -- Chỉ cho phép xóa đơn đã hủy
            IF NOT EXISTS (SELECT 1 FROM ORDERS WHERE order_ID = @OrderID AND trang_thai = N'hủy')
                THROW 50401, N'Chỉ có thể xóa đơn hàng đã ở trạng thái "hủy"', 1;
            
            -- Xóa đơn hàng (CASCADE sẽ xóa các bản ghi liên quan)
            DELETE FROM ORDERS
            WHERE order_ID = @OrderID;
            
        END TRY
        BEGIN CATCH
            THROW;
        END CATCH
    END;
    GO

-----------------------------------------------------------
-- REGION 8: XEM LẠI TOÀN BỘ DỮ LIỆU
-----------------------------------------------------------

SELECT 'USERS' AS Ten_bang, * FROM USERS;
SELECT 'RESTAURANT' AS Ten_bang, * FROM RESTAURANT;
SELECT 'CUSTOMER' AS Ten_bang, * FROM CUSTOMER;
SELECT 'SHIPPER' AS Ten_bang, * FROM SHIPPER;
SELECT 'FOOD' AS Ten_bang, * FROM FOOD;
SELECT 'ORDERS' AS Ten_bang, * FROM ORDERS;
SELECT 'RATING' AS Ten_bang, * FROM RATING;
SELECT 'DELIVERING' AS Ten_bang, * FROM DELIVERING;
SELECT 'RATING FOOD' AS Ten_bang, * FROM RATING_FOOD;
SELECT 'PARENT RESTAURANT' AS Ten_bang, * FROM PARENT_RESTAURANT;
SELECT 'VOUCHER' AS Ten_bang, * FROM VOUCHER;
SELECT 'FOOD_BELONG' AS Ten_bang, * FROM FOOD_BELONG;
SELECT 'FOOD_ORDERED' AS Ten_bang, * FROM FOOD_ORDERED;

-----------------------------------------------------------
-- REGION 9: TESTCASE CHO TRIGGER NGHIỆP VỤ
-----------------------------------------------------------
-- File này chứa các testcase đầy đủ để test 2 trigger nghiệp vụ:
-- 1. trg_refund_voucher_on_cancel - Hoàn voucher khi đơn hủy (chỉ hoàn nếu voucher còn hạn)
-- 2. trg_UpdateFoodRating - Cập nhật điểm rating của FOOD khi có thay đổi ở RATING

-- Lưu ý: Mỗi testcase nên chạy trong transaction riêng và rollback sau khi test
-- để không ảnh hưởng đến dữ liệu của các testcase khác

-----------------------------------------------------------
-- PHẦN A: TESTCASE CHO TRIGGER HOÀN VOUCHER KHI ĐƠN HỦY
-----------------------------------------------------------

PRINT '========================================';
PRINT 'PHẦN A: TEST TRIGGER HOÀN VOUCHER';
PRINT '========================================';

-- A.1. TC1 - Hủy đơn có voucher -> Voucher được hoàn
PRINT '';
PRINT 'A.1. TC1 - Hủy đơn có voucher -> Voucher được hoàn';
PRINT 'Mục tiêu: Kiểm tra khi đơn có voucher đổi trạng thái sang "hủy" thì voucher được trả lại';

BEGIN TRANSACTION;

-- Chuẩn bị: Reset đơn 101 về trạng thái 'hoàn tất' và gắn lại voucher
UPDATE ORDERS
SET trang_thai = N'hoàn tất'
WHERE order_ID = 101;

UPDATE VOUCHER
SET order_ID = 101,
    han_su_dung = '2026-01-01'
WHERE voucher_ID = 200;

-- Kiểm tra trước khi test
SELECT 'Trước khi hủy:' AS Thoi_diem;
SELECT voucher_ID, order_ID, han_su_dung, customer_ID
FROM VOUCHER
WHERE voucher_ID = 200;

-- Action: Hủy đơn 101
UPDATE ORDERS
SET trang_thai = N'hủy'
WHERE order_ID = 101;

-- Expected: Kiểm tra sau khi hủy
SELECT 'Sau khi hủy:' AS Thoi_diem;
SELECT voucher_ID, order_ID, han_su_dung, customer_ID
FROM VOUCHER
WHERE voucher_ID = 200;
SELECT order_ID, trang_thai
FROM ORDERS
WHERE order_ID = 101;

-- Kết quả mong đợi: order_ID của voucher 200 phải = NULL (voucher được hoàn)
-- Nếu đúng -> PASS, ngược lại -> FAIL

ROLLBACK TRANSACTION;
PRINT 'TC1 hoàn thành';

-- A.2. TC2 - Hủy đơn nhưng voucher đã hết hạn -> KHÔNG hoàn (trigger có check hạn)
PRINT '';
PRINT 'A.2. TC2 - Hủy đơn nhưng voucher đã hết hạn -> KHÔNG hoàn';
PRINT 'Mục tiêu: Trigger chỉ hoàn voucher nếu voucher còn hạn sử dụng (han_su_dung >= GETDATE())';

BEGIN TRANSACTION;

-- Chuẩn bị: Reset đơn 101 và gắn voucher với hạn đã quá khứ
UPDATE ORDERS
SET trang_thai = N'hoàn tất'
WHERE order_ID = 101;

UPDATE VOUCHER
SET han_su_dung = '2023-01-01',  -- ngày trong quá khứ
    order_ID = 101
WHERE voucher_ID = 200;

-- Kiểm tra trước khi test
SELECT 'Trước khi hủy (voucher hết hạn):' AS Thoi_diem;
SELECT voucher_ID, order_ID, han_su_dung
FROM VOUCHER
WHERE voucher_ID = 200;

-- Action: Hủy đơn 101
UPDATE ORDERS
SET trang_thai = N'hủy'
WHERE order_ID = 101;

-- Expected: Kiểm tra sau khi hủy
SELECT 'Sau khi hủy:' AS Thoi_diem;
SELECT voucher_ID, order_ID, han_su_dung
FROM VOUCHER
WHERE voucher_ID = 200;

-- Kết quả mong đợi: order_ID của voucher 200 VẪN = 101 (voucher KHÔNG được hoàn vì đã hết hạn)
-- Nếu voucher bị set NULL -> trigger sai -> FAIL

ROLLBACK TRANSACTION;
PRINT 'TC2 hoàn thành';

-- A.3. TC3 - Đơn vốn đã = "hủy", update lại -> Không hoàn (idempotent)
PRINT '';
PRINT 'A.3. TC3 - Đơn vốn đã = "hủy", update lại -> Không hoàn';
PRINT 'Mục tiêu: Cập nhật lại cùng trạng thái "hủy" không làm thay đổi voucher';

BEGIN TRANSACTION;

-- Chuẩn bị: Cho đơn 101 đã ở trạng thái hủy, voucher vẫn gắn
UPDATE ORDERS
SET trang_thai = N'hủy'
WHERE order_ID = 101;

UPDATE VOUCHER
SET order_ID = 101,
    han_su_dung = '2026-01-01'
WHERE voucher_ID = 200;

-- Kiểm tra trước khi test
SELECT 'Trước khi update lại:' AS Thoi_diem;
SELECT voucher_ID, order_ID
FROM VOUCHER
WHERE voucher_ID = 200;
SELECT order_ID, trang_thai
FROM ORDERS
WHERE order_ID = 101;

-- Action: Update lại cùng trạng thái 'hủy'
UPDATE ORDERS
SET trang_thai = N'hủy'
WHERE order_ID = 101;

-- Expected: Kiểm tra sau khi update
SELECT 'Sau khi update lại:' AS Thoi_diem;
SELECT voucher_ID, order_ID
FROM VOUCHER
WHERE voucher_ID = 200;

-- Kết quả mong đợi: order_ID giữ nguyên = 101, không bị set NULL
-- Nếu có thay đổi -> trigger xử lý sai điều kiện FROM != "hủy" TO "hủy"

ROLLBACK TRANSACTION;
PRINT 'TC3 hoàn thành';

-- A.4. TC4 - Đơn thay đổi từ "đang giao" -> "hoàn tất" -> Không hoàn
PRINT '';
PRINT 'A.4. TC4 - Đơn thay đổi từ "đang giao" -> "hoàn tất" -> Không hoàn';
PRINT 'Mục tiêu: Trigger chỉ chạy khi đổi sang "hủy", các trạng thái khác không ảnh hưởng voucher';

BEGIN TRANSACTION;

-- Chuẩn bị: Reset đơn 101 về trạng thái 'đang giao' và gắn voucher
UPDATE ORDERS
SET trang_thai = N'đang giao'
WHERE order_ID = 101;

UPDATE VOUCHER
SET order_ID = 101,
    han_su_dung = '2026-01-01'
WHERE voucher_ID = 200;

-- Kiểm tra trước khi test
SELECT 'Trước khi đổi trạng thái:' AS Thoi_diem;
SELECT voucher_ID, order_ID
FROM VOUCHER
WHERE voucher_ID = 200;
SELECT order_ID, trang_thai
FROM ORDERS
WHERE order_ID = 101;

-- Action: Đổi từ 'đang giao' sang 'hoàn tất' (không phải 'hủy')
UPDATE ORDERS
SET trang_thai = N'hoàn tất'
WHERE order_ID = 101;

-- Expected: Kiểm tra sau khi đổi trạng thái
SELECT 'Sau khi đổi trạng thái:' AS Thoi_diem;
SELECT voucher_ID, order_ID
FROM VOUCHER
WHERE voucher_ID = 200;
SELECT order_ID, trang_thai
FROM ORDERS
WHERE order_ID = 101;

-- Kết quả mong đợi: order_ID của voucher 200 vẫn = 101 (voucher không bị hoàn)
-- Nếu voucher bị set NULL -> trigger đang bắt sai điều kiện

ROLLBACK TRANSACTION;
PRINT 'TC4 hoàn thành';

-- A.5. TC5 - Hủy đơn không dùng voucher -> Trigger chạy nhưng không update gì
PRINT '';
PRINT 'A.5. TC5 - Hủy đơn không dùng voucher -> Trigger chạy nhưng không update gì';
PRINT 'Mục tiêu: Nếu đơn không có voucher, trigger không làm ảnh hưởng gì tới bảng VOUCHER';

BEGIN TRANSACTION;

-- Chuẩn bị: Tạo đơn 300 không có voucher
IF NOT EXISTS (SELECT 1 FROM ORDERS WHERE order_ID = 300)
BEGIN
    INSERT INTO ORDERS (order_ID, restaurant_ID, customer_ID, trang_thai, ghi_chu, dia_chi, gia_don_hang, phi_giao_hang)
    VALUES (300, 1, 3, N'đang xử lý', N'Test đơn không voucher', N'Hà Nội', 50000, 10000);
END

UPDATE ORDERS
SET trang_thai = N'đang xử lý'
WHERE order_ID = 300;

-- Đảm bảo không có voucher nào gắn với order_ID = 300
UPDATE VOUCHER
SET order_ID = NULL
WHERE order_ID = 300;

-- Kiểm tra trước khi test
SELECT 'Trước khi hủy (đơn không voucher):' AS Thoi_diem;
SELECT * FROM VOUCHER WHERE order_ID = 300; -- Kỳ vọng: 0 dòng
SELECT order_ID, trang_thai
FROM ORDERS
WHERE order_ID = 300;

-- Action: Hủy đơn 300
UPDATE ORDERS
SET trang_thai = N'hủy'
WHERE order_ID = 300;

-- Expected: Kiểm tra sau khi hủy
SELECT 'Sau khi hủy:' AS Thoi_diem;
SELECT * FROM VOUCHER WHERE order_ID = 300;
SELECT order_ID, trang_thai
FROM ORDERS
WHERE order_ID = 300;

-- Kết quả mong đợi: Kết quả query VOUCHER phải không có bản ghi nào (0 dòng)
-- Nếu có bản ghi mới hoặc dòng nào bị update sai -> trigger xử lý dư

ROLLBACK TRANSACTION;
PRINT 'TC5 hoàn thành';

-----------------------------------------------------------
-- PHẦN B: TESTCASE CHO TRIGGER CẬP NHẬT ĐIỂM RATING FOOD
-----------------------------------------------------------

PRINT '';
PRINT '========================================';
PRINT 'PHẦN B: TEST TRIGGER CẬP NHẬT ĐIỂM RATING FOOD';
PRINT '========================================';

-- B.1. TC1 - Insert rating đầu tiên cho food -> Tính đúng
PRINT '';
PRINT 'B.1. TC1 - Insert rating đầu tiên cho food -> Tính đúng';
PRINT 'Mục tiêu: Khi thêm rating đầu tiên cho món ăn, điểm trung bình của món = chính điểm vừa insert';

BEGIN TRANSACTION;

-- Chuẩn bị: Reset điểm món 10 về 5 và xóa rating cũ
UPDATE FOOD
SET Diem_danh_gia = 5
WHERE food_ID = 10;

DELETE FROM RATING WHERE food_ID = 10;

-- Đảm bảo đơn 100 tồn tại (để có thể insert rating)
IF NOT EXISTS (SELECT 1 FROM ORDERS WHERE order_ID = 100)
BEGIN
    INSERT INTO ORDERS (order_ID, restaurant_ID, customer_ID, trang_thai, ghi_chu, dia_chi, gia_don_hang, phi_giao_hang)
    VALUES (100, 1, 3, N'hoàn tất', N'Test đơn 100', N'Hà Nội', 75000, 15000);
END

-- Kiểm tra trước khi test
SELECT 'Trước khi insert rating:' AS Thoi_diem;
SELECT food_ID, ten, Diem_danh_gia
FROM FOOD
WHERE food_ID = 10;

-- Action: Insert rating đầu tiên cho món 10
INSERT INTO RATING (order_ID, rating_ID, food_ID, Noi_dung, Diem_danh_gia)
VALUES (100, 10, 10, N'Món ngon', 4);

-- Expected: Kiểm tra sau khi insert
SELECT 'Sau khi insert rating:' AS Thoi_diem;
SELECT food_ID, ten, Diem_danh_gia
FROM FOOD
WHERE food_ID = 10;
SELECT order_ID, rating_ID, food_ID, Diem_danh_gia
FROM RATING
WHERE food_ID = 10;

-- Kết quả mong đợi: Diem_danh_gia của món 10 phải = 4
-- Nếu đúng -> PASS, ngược lại -> FAIL

ROLLBACK TRANSACTION;
PRINT 'TC1 hoàn thành';

-- B.2. TC2 - Thêm rating thứ 2 -> Tính trung bình đúng
PRINT '';
PRINT 'B.2. TC2 - Thêm rating thứ 2 -> Tính trung bình đúng';
PRINT 'Mục tiêu: Kiểm tra lại AVG sau khi có 2 bản ghi rating';

BEGIN TRANSACTION;

-- Chuẩn bị: Tương tự TC1, nhưng đã có 1 rating
UPDATE FOOD
SET Diem_danh_gia = 5
WHERE food_ID = 10;

DELETE FROM RATING WHERE food_ID = 10;

IF NOT EXISTS (SELECT 1 FROM ORDERS WHERE order_ID = 100)
BEGIN
    INSERT INTO ORDERS (order_ID, restaurant_ID, customer_ID, trang_thai, ghi_chu, dia_chi, gia_don_hang, phi_giao_hang)
    VALUES (100, 1, 3, N'hoàn tất', N'Test đơn 100', N'Hà Nội', 75000, 15000);
END

-- Insert rating đầu tiên
INSERT INTO RATING (order_ID, rating_ID, food_ID, Noi_dung, Diem_danh_gia)
VALUES (100, 10, 10, N'Món ngon', 4);

-- Kiểm tra trước khi test
SELECT 'Trước khi insert rating thứ 2:' AS Thoi_diem;
SELECT food_ID, ten, Diem_danh_gia
FROM FOOD
WHERE food_ID = 10;

-- Action: Insert rating thứ 2
INSERT INTO RATING (order_ID, rating_ID, food_ID, Noi_dung, Diem_danh_gia)
VALUES (100, 11, 10, N'Bình thường', 2);

-- Expected: Kiểm tra sau khi insert
SELECT 'Sau khi insert rating thứ 2:' AS Thoi_diem;
SELECT food_ID, ten, Diem_danh_gia
FROM FOOD
WHERE food_ID = 10;
SELECT order_ID, rating_ID, food_ID, Diem_danh_gia
FROM RATING
WHERE food_ID = 10;

-- Kết quả mong đợi: Diem_danh_gia = (4 + 2) / 2 = 3.0

ROLLBACK TRANSACTION;
PRINT 'TC2 hoàn thành';

-- B.3. TC3 - Update một rating -> AVG thay đổi
PRINT '';
PRINT 'B.3. TC3 - Update một rating -> AVG thay đổi';
PRINT 'Mục tiêu: Khi sửa một rating, AVG phải được tính lại đúng';

BEGIN TRANSACTION;

-- Chuẩn bị: Tạo 2 rating ban đầu cho món 10
UPDATE FOOD
SET Diem_danh_gia = 5
WHERE food_ID = 10;

DELETE FROM RATING WHERE food_ID = 10;

IF NOT EXISTS (SELECT 1 FROM ORDERS WHERE order_ID = 100)
BEGIN
    INSERT INTO ORDERS (order_ID, restaurant_ID, customer_ID, trang_thai, ghi_chu, dia_chi, gia_don_hang, phi_giao_hang)
    VALUES (100, 1, 3, N'hoàn tất', N'Test đơn 100', N'Hà Nội', 75000, 15000);
END

INSERT INTO RATING (order_ID, rating_ID, food_ID, Noi_dung, Diem_danh_gia)
VALUES (100, 10, 10, N'Món ngon', 4);
INSERT INTO RATING (order_ID, rating_ID, food_ID, Noi_dung, Diem_danh_gia)
VALUES (100, 11, 10, N'Bình thường', 2);

-- Kiểm tra trước khi test
SELECT 'Trước khi update rating:' AS Thoi_diem;
SELECT food_ID, ten, Diem_danh_gia
FROM FOOD
WHERE food_ID = 10;

-- Action: Update rating từ 2 lên 5
UPDATE RATING
SET Diem_danh_gia = 5
WHERE order_ID = 100 AND rating_ID = 11 AND food_ID = 10;

-- Expected: Kiểm tra sau khi update
SELECT 'Sau khi update rating:' AS Thoi_diem;
SELECT food_ID, ten, Diem_danh_gia
FROM FOOD
WHERE food_ID = 10;
SELECT order_ID, rating_ID, food_ID, Diem_danh_gia
FROM RATING
WHERE food_ID = 10;

-- Kết quả mong đợi: AVG mới = (4 + 5) / 2 = 4.5

ROLLBACK TRANSACTION;
PRINT 'TC3 hoàn thành';

-- B.4. TC4 - Xóa hết rating của food -> Điểm reset = 5
PRINT '';
PRINT 'B.4. TC4 - Xóa hết rating của food -> Điểm reset = 5';
PRINT 'Mục tiêu: Khi không còn rating nào, Diem_danh_gia phải quay về giá trị default = 5';

BEGIN TRANSACTION;

-- Chuẩn bị: Tạo 2 rating cho món 10
UPDATE FOOD
SET Diem_danh_gia = 5
WHERE food_ID = 10;

DELETE FROM RATING WHERE food_ID = 10;

IF NOT EXISTS (SELECT 1 FROM ORDERS WHERE order_ID = 100)
BEGIN
    INSERT INTO ORDERS (order_ID, restaurant_ID, customer_ID, trang_thai, ghi_chu, dia_chi, gia_don_hang, phi_giao_hang)
    VALUES (100, 1, 3, N'hoàn tất', N'Test đơn 100', N'Hà Nội', 75000, 15000);
END

-- Insert rating cho món 10
INSERT INTO RATING (order_ID, rating_ID, food_ID, Noi_dung, Diem_danh_gia)
VALUES (100, 10, 10, N'Món ngon', 4);
INSERT INTO RATING (order_ID, rating_ID, food_ID, Noi_dung, Diem_danh_gia)
VALUES (100, 11, 10, N'Bình thường', 2);

-- Kiểm tra trước khi test
SELECT 'Trước khi xóa hết rating:' AS Thoi_diem;
SELECT food_ID, ten, Diem_danh_gia
FROM FOOD
WHERE food_ID = 10;
SELECT order_ID, rating_ID, food_ID, Diem_danh_gia
FROM RATING
WHERE food_ID = 10;

-- Action: Xóa hết rating của món 10
DELETE FROM RATING
WHERE food_ID = 10;

-- Expected: Kiểm tra sau khi xóa
SELECT 'Sau khi xóa hết rating:' AS Thoi_diem;
SELECT food_ID, ten, Diem_danh_gia
FROM FOOD
WHERE food_ID = 10;
SELECT order_ID, rating_ID, food_ID, Diem_danh_gia
FROM RATING
WHERE food_ID = 10;

-- Kết quả mong đợi: Diem_danh_gia = 5 (default khi không còn rating)

ROLLBACK TRANSACTION;
PRINT 'TC4 hoàn thành';

-- B.5. TC5 - Insert rating cho food khác -> Không ảnh hưởng món đang test
PRINT '';
PRINT 'B.5. TC5 - Insert rating cho food khác -> Không ảnh hưởng';
PRINT 'Mục tiêu: Rating của món khác không làm thay đổi Diem_danh_gia món 10';

BEGIN TRANSACTION;

-- Chuẩn bị: Reset điểm 2 món
UPDATE FOOD
SET Diem_danh_gia = 5
WHERE food_ID IN (10, 11);

DELETE FROM RATING WHERE food_ID IN (10, 11);

IF NOT EXISTS (SELECT 1 FROM ORDERS WHERE order_ID = 100)
BEGIN
    INSERT INTO ORDERS (order_ID, restaurant_ID, customer_ID, trang_thai, ghi_chu, dia_chi, gia_don_hang, phi_giao_hang)
    VALUES (100, 1, 3, N'hoàn tất', N'Test đơn 100', N'Hà Nội', 75000, 15000);
END

-- Insert rating cho món 10
INSERT INTO RATING (order_ID, rating_ID, food_ID, Noi_dung, Diem_danh_gia)
VALUES (100, 10, 10, N'Món ngon', 4);

-- Kiểm tra trước khi test
SELECT 'Trước khi insert rating cho món khác:' AS Thoi_diem;
SELECT food_ID, ten, Diem_danh_gia
FROM FOOD
WHERE food_ID IN (10, 11);

-- Action: Insert rating cho món 11
INSERT INTO RATING (order_ID, rating_ID, food_ID, Noi_dung, Diem_danh_gia)
VALUES (100, 11, 11, N'OK', 3);

-- Expected: Kiểm tra sau khi insert
SELECT 'Sau khi insert rating cho món khác:' AS Thoi_diem;
SELECT food_ID, ten, Diem_danh_gia
FROM FOOD
WHERE food_ID IN (10, 11);
SELECT order_ID, rating_ID, food_ID, Diem_danh_gia
FROM RATING
WHERE food_ID IN (10, 11);

-- Kết quả mong đợi: Diem_danh_gia của món 10 không đổi (vẫn = 4)
-- Chỉ món 11 có điểm thay đổi (từ 5 -> 3)

ROLLBACK TRANSACTION;
PRINT 'TC5 hoàn thành';

PRINT '';
PRINT '========================================';
PRINT 'HOÀN THÀNH TẤT CẢ TESTCASE';
PRINT '========================================';
